Models that I renamed because an older model had the same name:
elvis -> pd_elvis
simon -> 7ds_simon
cof_simon -> cof_simon_v2
jill -> jill_grey
Touhou_Momiji -> kz_touhou_momiji
Venom -> VenomReal_v2
warrior_skeleton -> warrior_skeleton_2
Zombie2 -> th_zombie2
pyro -> pyro_hecu
cryokeen -> cryokeen_hd
demon -> demon2
grunt -> grunt2
hgrunt_hd -> hgrunt_hd_v2
hgrunt -> hgrunt_hd
vamp -> vamp2
alien -> alien2
avp2pred -> avp2pred2
crash_bandicoot -> crash_bandicoot2
fishman -> fishman2
hatsunemiku_10a -> hatsunemiku_10a2
james -> james2
kancolle_harbour -> kancolle_harbour2
shadow1 -> shadow2_v2
tails -> tails_ld
vocaloid_miku -> vocaloid_miku2
billy -> billy2_v2
kf_greywolf -> kf_greywolf_kz
gi_ganyu -> gi_ganyu_hz
dawae/lt_uganda/uganda* -> uganda_knuckes_voice
azur_lane_enterprise -> al_enterprise_v1
sa_cj -> sa_cj2
op4_shephard -> bms_shephard
dmc_vergil -> dmc_vergil2
wireframe -> wireframe2
natasha -> q2_natasha
pokerface -> pokerface2
dm_helmet -> dm_helmet_white
rat -> rat2
shotgun -> weapon_shotgun
puro -> puro2
steve -> steve2
hl_grunt -> hl_grunt3
hl_recon -> hl_recon2
hl_sarge -> hl_sarge2
hl_shotgun -> hl_shotgun3
dragon -> dragon2

added _v2 to some models from snark. Once a model is distributed by a server,
that name should never be used again, or else clients won't get the updated file.

added _v2 to some recent models that already existed in the 2017 version of the 
TWLZ player model pack. Sometimes _v3 and _v4 were added to match chronological
dates of the models, meaning the original name isn't used anymore because I only
know for sure that the _v2 version is correctly named (e.g. rouge -> rouge_v3 instead
of swapping rouge_v2 and rouge).

added _v2 to models that were updated on GameBanana without being renamed.

added "_ld" to all player models from this pack:
https://gamebanana.com/mods/167285
They overwrite the default player models otherwise.

added "_up" to the upscaled texture they hunger pack
https://www.moddb.com/mods/sven-co-op/addons/they-hunger-upscale-ld-quality

added "rvi_" to BrussTrigger's Revitalization Playermodels

Model names that were shortened because they were over the 22 character limit (can't be
selected or downloaded from a server). Most of these are my fault (version suffixes):
2d_hdn_neppugia-cosplay -> 2d_hdn_neppugia-cos
2d_hdn_neptune-mizugi-c2 -> 2d_hdn_neptune-miz-c2
2d_kancolle_shimakaze_v2 -> 2d_kc_shimakaze_v2
2d_mdn_tenno_uzume-mizugi -> 2d_mdn_tenno-mizugi
2d_mdn_tennouboshi_uzume -> 2d_mdn_tenno_uzume
2d_touhou_flandre_scarlet -> 2d_touhou_scarlet
2d_touhou_izayoi_sakuya -> 2d_touhou_sakuya
2d_touhou_kazami_yuuka_4 -> 2d_touhou_yuuka_4
2d_touhou_konpaku_youmu -> 2d_touhou_youmu
2d_touhou_suikaabcedition -> 2d_touhou_suikaabc
azur_lane_enterprise_v2 -> al_enterprise2_v2
bs_unarmored_barney_1_ld -> bs_barney_1_ld
bs_unarmored_barney_2_ld -> bs_barney_2_ld
bwtgs_sena_kashiwazaki_v2 -> bwtgs_sena_v2
cof_simon_leatherhoff_v2 -> cof_simon_l_v2
cof_simon_psykskallar_v2 -> cof_simon_p_v2
cyborg_ninja_liquidheat -> cyborg_ninja_heat
david_leatherhoff_female -> david_l_female
furry_maid_black2_noglow -> furry_maid_black3
hdn_neppugia-cosplay_v2 -> hdn_neppugia-cos_v2
hdn_neptune-mizugi-c2_v2 -> hdn_neptune-miz-c2_v2
hl2_combine_soldier_prisonguard -> hl2_prisonguard
infected_businessman_v2 -> infected_bman_v2
kfparamedicalfredanderson -> kfparamedic
monogatari_hanekawa_0b_v2 -> mg_hanekawa_0b_v2
monogatari_hanekawa_1b_v2 -> mghanekawa_1b_v2
monogatari_hanekawa_b_v2 -> mghanekawa_b_v2
op4_scientist_einstein_ld -> op4_sci_einstein_ld
op4_scientist_luther_ld -> op4_sci_luther_ld
op4_scientist_walter_ld -> op4_sci_walter_ld
player_multiplayer_model_st -> multiplayer_model_st
re_succ_citizen_unit_v2 -> res_citizen_v2
re_succ_combat_response_unit -> res_combat_resp
re_succ_combat_technician -> res_combat_tech
re_succ_commander_merc_v2 -> res_commander_merc_v2
re_succ_corporal_gote_v2 -> res_corp_gote_v2
re_succ_major_lie_rick_v2 -> res_major_lie_rick_v2
re_succ_marksman_unit_v2 -> res_marksman_v2
re_succ_operator_unit_v2 -> res_operator_v2
re_succ_security_unit_v2 -> res_security_v2
re_succ_security_unita_v2 -> res_securitya_v2
re_succ_security_unitb_v2 -> res_securityb_v2
re_succ_security_unitc_v2 -> res_securityc_v2
rvi_bs_unarmored_barney_1 -> rvi_bs_barney_1
rvi_bs_unarmored_barney_2 -> rvi_bs_barney_2
sister_mary_ellie_fant_v2 -> mary_ellie_fant_v2
sonic_forces_classic_c_v2 -> sonicf_classic_c_v2
sonic_forces_classic_c_v3 -> sonicf_classic_c_v3
sonic_forces_classic_v2 -> sonicf_classic_v2
sonic_forces_classic_v3 -> sonicf_classic_v3
spess_kagerou_sweater_v2 -> spess_kagerou2_v2
stalker_freedomantigas_v2 -> stalker_freedomagas_v2
stalker_lonerantigas_v2 -> stalker_loneragas_v2
stalker_monolithantigas -> stalker_monoagas
stalker_monolithseva_v2 -> stalker_monoseva_v2
ta_c_elite_color_armor2 -> ta_c_elite_c_armor2
ta_c_s_advisor_armor2_v2 -> ta_c_s_advisor3_v2
ta_c_s_advisor_armor_v2 -> ta_c_s_advisor4_v2
ta_c_s_arctic_armor2_v2 -> ta_c_s_arctic3_v2
ta_c_s_arctic_armor_v2 -> ta_c_s_arctic4_v2
ta_c_shadow-3_armor2_v2 -> ta_c_shadow-3_a2_v2
tc_alternative-dr.kleiner -> tc_alt-dr.kleiner
touhou_izayoi_sakuya_v2 ->  -> touhou_sakuya_v2
touhou_kagerou_bikini_v2 -> touhou_kagerou2_v2
touhou_kochiya_sanae_v2 -> touhou_k_sanae_v2
touhou_reisenudongeininaba -> touhou_reisen2
touhou_yakumo_yukari_v2 -> touhou_yukari_v2
vehicleshit_m1a1_abrams -> vehicleshit_abrams
vinnie_gognitti_alt_clean -> vinnieg_alt_clean
vinnie_gognitti_plain_clean -> vinnieg_plain_clean
vocaloid_yukari-yuzuki_v2 -> vocaloid_yukari_v2